1,1,1,hey,2021-08-26 15:23:21.521-07,2021-08-26 15:23:21.521-07
2,1,1,heyoooo,2021-08-26 15:23:25.546-07,2021-08-26 15:23:25.546-07
3,1,1,heyoooo,2021-08-26 15:25:29.062-07,2021-08-26 15:25:29.062-07
4,1,1,heyoooo,2021-08-26 15:25:33.441-07,2021-08-26 15:25:33.441-07
5,1,1,heyoooo,2021-08-26 15:25:33.604-07,2021-08-26 15:25:33.604-07
6,1,1,hi,2021-08-26 15:29:21.009-07,2021-08-26 15:29:21.009-07
10,1,2,hey,2021-08-26 23:19:53.097-07,2021-08-26 23:19:53.097-07
12,1,7,test,2021-08-27 09:38:50.256-07,2021-08-27 09:38:50.256-07
15,1,7,hey,2021-08-27 10:05:12.82-07,2021-08-27 10:05:12.82-07
29,1,3,lamo,2021-08-27 11:18:07.564-07,2021-08-27 13:07:01.951-07
